--initial data
INSERT INTO BRANDS (BRAND_ID,BRAND_NAME) VALUES (1,'ZARA');
INSERT INTO BRANDS (BRAND_ID,BRAND_NAME) VALUES (2,'PULL&BEAR');
INSERT INTO BRANDS (BRAND_ID,BRAND_NAME) VALUES (3,'BERSHKA');
INSERT INTO BRANDS (BRAND_ID,BRAND_NAME) VALUES (4,'ZARA HOME');
INSERT INTO BRANDS (BRAND_ID,BRAND_NAME) VALUES (5,'MASSIMO');
INSERT INTO BRANDS (BRAND_ID,BRAND_NAME) VALUES (6,'DUTTI');

INSERT INTO PRODUCTS (PRODUCT_ID,PRODUCT_NAME,PRODUCT_DESCRIPTION) VALUES (35455,'PRODUCT_1', 'PRODUCT DESCRIPTION 1');
INSERT INTO PRODUCTS (PRODUCT_ID,PRODUCT_NAME,PRODUCT_DESCRIPTION) VALUES (35456,'PRODUCT_2', 'PRODUCT DESCRIPTION 2');


INSERT INTO PRICES (BRAND_ID,START_DATE,END_DATE,PRICE_LIST,PRODUCT_ID,PRIORITY,PRICE,CURR) VALUES (1,'2020-06-14 00.00.00', '2020-12-31 23.59.59',1,35455,0,35.50,'EUR');
INSERT INTO PRICES (BRAND_ID,START_DATE,END_DATE,PRICE_LIST,PRODUCT_ID,PRIORITY,PRICE,CURR) VALUES (1,'2020-06-14 15.00.00', '2020-06-14 18.30.00',2,35455,1,25.45,'EUR');
INSERT INTO PRICES (BRAND_ID,START_DATE,END_DATE,PRICE_LIST,PRODUCT_ID,PRIORITY,PRICE,CURR) VALUES (1,'2020-06-15 00.00.00', '2020-06-15 11.00.00',3,35455,1,30.50,'EUR');
INSERT INTO PRICES (BRAND_ID,START_DATE,END_DATE,PRICE_LIST,PRODUCT_ID,PRIORITY,PRICE,CURR) VALUES (1,'2020-06-15 16.00.00', '2020-12-31 23.59.59',4,35455,1,38.95,'EUR');

--additional data--
INSERT INTO PRICES (BRAND_ID,START_DATE,END_DATE,PRICE_LIST,PRODUCT_ID,PRIORITY,PRICE,CURR) VALUES (1,'2020-06-15 12.00.00', '2020-06-15 23.59.59',1,35456,2,48.95,'EUR');
INSERT INTO PRICES (BRAND_ID,START_DATE,END_DATE,PRICE_LIST,PRODUCT_ID,PRIORITY,PRICE,CURR) VALUES (1,'2020-06-01 00.00.00', '2020-06-01 23.59.59',1,35456,1,26.50,'EUR');
INSERT INTO PRICES (BRAND_ID,START_DATE,END_DATE,PRICE_LIST,PRODUCT_ID,PRIORITY,PRICE,CURR) VALUES (1,'2020-07-01 10.00.00', '2020-07-31 18.30.00',2,35456,1,17.45,'EUR');
INSERT INTO PRICES (BRAND_ID,START_DATE,END_DATE,PRICE_LIST,PRODUCT_ID,PRIORITY,PRICE,CURR) VALUES (1,'2020-08-01 00.00.00', '2020-08-15 11.00.00',3,35456,1,28.50,'EUR');
INSERT INTO PRICES (BRAND_ID,START_DATE,END_DATE,PRICE_LIST,PRODUCT_ID,PRIORITY,PRICE,CURR) VALUES (1,'2020-09-01 16.00.00', '2020-09-15 23.59.59',4,35456,1,29.95,'EUR');
INSERT INTO PRICES (BRAND_ID,START_DATE,END_DATE,PRICE_LIST,PRODUCT_ID,PRIORITY,PRICE,CURR) VALUES (1,'2020-10-01 16.00.00', '2020-10-15 23.59.59',4,35456,1,20.95,'EUR');
INSERT INTO PRICES (BRAND_ID,START_DATE,END_DATE,PRICE_LIST,PRODUCT_ID,PRIORITY,PRICE,CURR) VALUES (2,'2020-06-01 00.00.00', '2020-06-13 23.59.59',2,35456,2,15.50,'EUR');